res_address
Αγία Βαρβάρα
Αιγάλεω,Ιεράπολη
Αιγάλεω,Νταμαράκια
Κορυδαλλός,Όριο Αγίας Βαρβάρας
Αγία Βαρβάρα,Κέντρο
Κορυδαλλός,Νεκροταφείο Νίκαιας
Αγία Βαρβάρα,Λοιμωδών
Κορυδαλλός
Αγία Παρασκευή,Προφήτης Ηλίας
Χαλάνδρι,’νω Νέο Χαλάνδρι
Χολαργός,Τσακός
Χολαργός,’νω Χολαργός
Αγία Παρασκευή,Τσακός
Αγία Παρασκευή,Παράδεισος
Αγία Παρασκευή, Πευκάκια
Αγία Παρασκευή,Κοντόπευκο
Χαλάνδρι,Μεταμόρφωση
Αγία Παρασκευή,Ηπείρου
Νέα Ζωή
Αγία Παρασκευή
Αγία Παρασκευή,Σταυρός
Προφήτης Ηλίας
Χολαργός
Αγία Παρασκευή,Αγιάννης
Χαλάνδρι,Κάτω Χαλάνδρι
Γέρακας,Σταυρός
’νω Πατήσια
Τρεις Γέφυρες
’γιος Ελευθέριος
Νέα Χαλκηδόνα,Κέντρο
’γιοι Ανάργυροι,Ανάκασα
Αχαρνές,Γεροβουνό
Καματερό
’γιοι Ανάργυροι
Νέα Χαλκηδόνα,Χρυσαλλίδα
’γιοι Ανάργυροι,Κέντρο
’γιοι Ανάργυροι,Ανάληψη
Κάτω Πατήσια
Νέα Φιλαδέλφεια Αττικής,Νησίδα
Νέα Φιλαδέλφεια,Αμπέλια
Προμπονά
’γιος Δημήτριος Αττικής,Μοναστήριο
’γιος Δημήτριος Αττικής,Ασύρματος
’λιμος,Εκτελωνιστών - Εφοριακών
’γιος Δημήτριος Αττικής,Ανθέων
’γιος Δημήτριος Αττικής,Νεκροταφείο Καλλιθέας
’γιος Δημήτριος Αττικής,Τσουκάλι
’γιος Δημήτριος Αττικής,Σούλι
’γιος Δημήτριος Αττικής,Εθνικής Αντιστάσεως
’γιος Δημήτριος Αττικής,Κέντρο
’γιος Δημήτριος Αττικής,Νεκροταφείο
Παλαιό Φάληρο,Αγιά Βαρβάρα
’γιος Δημήτριος Αττικής,Ελιά
’λιμος,Αμπελάκια
Νέα Σμύρνη,Κέντρο
Νέα Σμύρνη,’νω Νέα Σμύρνη
Παλαιό Φάληρο,Νεκροταφεία
’γιος Δημήτριος Αττικής,Κοψαχείλα
Ηλιούπολη,Κάτω Ηλιούπολη
Ανω Πόλη
’γιος Παύλος,Αγιος Παύλος
Αγιος Παύλος
Θεσσαλονίκη
’γιος Νικόλαος
Αμπελόκηποι
Λόφος Ακρόπολης
Πλατεία Αμερικής
Ηπείρου
Κολιάτσου
’γιος Λουκάς
’νω Κυψέλη
Ελληνορώσων
Κολωνάκι
Νέα Κυψέλη
Πλατεία Βάθης
’γιος Ιωάννης
’νω Πετράλωνα
Κουντουριώτικα
Μακρυγιάννη (Ακρόπολη)
Μπακνανά
Πανόρμου
Πλατεία Βικτωρίας
Σεπόλια
Χίλτον
Πλατεία Αττικής
Κέντρο
Κολωνός
Κυψέλη
Μετς
Μουσείο
Νέα Φιλοθέη
Βύρωνας,Μεταμόρφωση
Ζωγράφου,Ιλίσια
Ζωοδόχος Πηγή
Καλλιθέα,Λόφος Φιλαρέτου
Καλλιθέα,Σταθμός ΗΣΑΠ Ταύρου
Καλλιθέα,Χαροκόπου
’γιος Αρτέμιος
Φιλοθέη
Κεραμεικός
